distance_m,elevation_m,P_Pa,v_ms
0.0,0.0,2286185.798967832,1.554564694446167
304.79999999999995,15.239999999999998,2068427.1879505094,1.554564694446167
