distance_m,elevation_m,P_Pa,v_ms
0.0,0.0,2286185.798967832,1.1811806086076295
365.75999999999993,15.239999999999998,2068427.1879505094,1.1811806086076295
