{
  "regime": "incompressible",
  "converged": true,
  "nodes": {
    "Source/Sink": {
      "P_Pa": 2286185.798967832,
      "Q_ext_kgs": 18.39306560526621,
      "Q_ext_m3s": 0.018401307283333328
    },
    "Source/Sink 1": {
      "P_Pa": 2068427.1879505091,
      "Q_ext_kgs": -18.39306560526621,
      "Q_ext_m3s": -0.018401307283333328
    },
    "Junction": {
      "P_Pa": 2286185.798967832,
      "Q_ext_kgs": 0.0,
      "Q_ext_m3s": 0.0
    },
    "Junction 1": {
      "P_Pa": 2068427.1879505091,
      "Q_ext_kgs": 0.0,
      "Q_ext_m3s": 0.0
    }
  },
  "edges": {
    "Source/Sink->Junction": {
      "mdot_kgs": 18.39306560526621,
      "Q_m3s": 0.018401307283333328
    },
    "Junction->Junction 1": {
      "mdot_kgs": 12.76201051803419,
      "Q_m3s": 0.012767728998272129
    },
    "Junction->Junction 1#2": {
      "mdot_kgs": 5.631055087232018,
      "Q_m3s": 0.005633578285061199
    },
    "Junction 1->Source/Sink 1": {
      "mdot_kgs": 18.39306560526621,
      "Q_m3s": 0.018401307283333328
    }
  }
}