distance_m,P_Pa,T_K,v_ms
0.0,694929.7546651344,299.81666666666666,5.944392385748368
304.79999999999995,689989.0354283643,299.7910476121969,5.987117984422126
