{
  "regime": "compressible",
  "converged": true,
  "nodes": {
    "Source/Sink": {
      "P_Pa": 694929.7546651344,
      "T_K": 299.81666666666666,
      "Q_ext_kgs": 0.2549302013122559
    },
    "Junction": {
      "P_Pa": 689475.7293168363,
      "T_K": 297.0388888888889,
      "Q_ext_kgs": 0.0
    },
    "Source/Sink 1": {
      "P_Pa": 689475.7293168363,
      "T_K": 294.2611111111111,
      "Q_ext_kgs": -0.25493031022599094
    },
    "Junction 1": {
      "P_Pa": 689475.7293168363,
      "T_K": 297.0388888888889,
      "Q_ext_kgs": 0.0
    }
  },
  "edges": {
    "Source/Sink->Source/Sink 1": {
      "mdot_kgs": 0.25493031022599094
    }
  }
}