distance_m,P_Pa,T_K,v_ms
0.0,234421.7479677604,310.9277777777778,98.70037518891331
3.0479999999999996,101334.14865723702,292.66119955386415,214.93374804016753
